{"cameraMode":{"drawMode":0,"name":"Shaded","section":"Shading Mode"},"sceneLighting":false,"audioPlay":false,"sceneViewState":{"m_AlwaysRefresh":false,"showFog":true,"showSkybox":false,"showFlares":true,"showImageEffects":true,"showParticleSystems":true,"showVisualEffectGraphs":true,"m_FxEnabled":true},"in2DMode":false,"pivot":{"x":-2.265536308288574,"y":40.10409927368164,"z":-41.934906005859378},"rotation":{"x":0.33538907766342165,"y":-0.013372966088354588,"z":0.005155025981366634,"w":0.9421522617340088},"size":0.9114846587181091,"orthographic":false}