{"cameraMode":{"drawMode":0,"name":"Shaded","section":"Shading Mode"},"sceneLighting":false,"audioPlay":false,"sceneViewState":{"m_AlwaysRefresh":false,"showFog":true,"showSkybox":false,"showFlares":true,"showImageEffects":true,"showParticleSystems":true,"showVisualEffectGraphs":true,"m_FxEnabled":true},"in2DMode":false,"pivot":{"x":0.35101208090782168,"y":1.5025091171264649,"z":3.3249664306640627},"rotation":{"x":-0.37871915102005007,"y":-0.03003077395260334,"z":0.012341720052063465,"w":-0.9252836108207703},"size":5.897250652313232,"orthographic":false}