{"cameraMode":{"drawMode":0,"name":"Shaded","section":"Shading Mode"},"sceneLighting":false,"audioPlay":false,"sceneViewState":{"m_AlwaysRefresh":false,"showFog":true,"showSkybox":false,"showFlares":true,"showImageEffects":true,"showParticleSystems":true,"showVisualEffectGraphs":true,"m_FxEnabled":true},"in2DMode":false,"pivot":{"x":-2.2281148433685304,"y":10.963094711303711,"z":-6.5373663902282719},"rotation":{"x":-0.48875948786735537,"y":-0.027037613093852998,"z":0.01499729324132204,"w":-0.8719469308853149},"size":1.1629350185394288,"orthographic":false}