{"cameraMode":{"drawMode":0,"name":"Shaded","section":"Shading Mode"},"sceneLighting":false,"audioPlay":false,"sceneViewState":{"m_AlwaysRefresh":false,"showFog":true,"showSkybox":false,"showFlares":true,"showImageEffects":true,"showParticleSystems":true,"showVisualEffectGraphs":true,"m_FxEnabled":true},"in2DMode":false,"pivot":{"x":2.1453611850738527,"y":3.2036232948303224,"z":-7.5380778312683109},"rotation":{"x":0.3017154335975647,"y":0.04859980568289757,"z":-0.015395141206681729,"w":0.9520539045333862},"size":5.609038829803467,"orthographic":false}