{"cameraMode":{"drawMode":0,"name":"Shaded","section":"Shading Mode"},"sceneLighting":false,"audioPlay":false,"sceneViewState":{"m_AlwaysRefresh":false,"showFog":true,"showSkybox":false,"showFlares":true,"showImageEffects":true,"showParticleSystems":true,"showVisualEffectGraphs":true,"m_FxEnabled":true},"in2DMode":false,"pivot":{"x":-8.749736785888672,"y":21.826541900634767,"z":-12.258109092712403},"rotation":{"x":-0.47032567858695986,"y":0.029551131650805475,"z":-0.01593834161758423,"w":-0.8820001482963562},"size":0.32756349444389346,"orthographic":false}