{"cameraMode":{"drawMode":0,"name":"Shaded","section":"Shading Mode"},"sceneLighting":false,"audioPlay":false,"sceneViewState":{"m_AlwaysRefresh":false,"showFog":true,"showSkybox":false,"showFlares":true,"showImageEffects":true,"showParticleSystems":true,"showVisualEffectGraphs":true,"m_FxEnabled":true},"in2DMode":false,"pivot":{"x":0.37490320205688479,"y":-8.881144523620606,"z":9.618258476257325},"rotation":{"x":0.4781612753868103,"y":0.033326439559459689,"z":-0.017884237691760064,"w":0.8775507211685181},"size":12.117544174194336,"orthographic":false}