{"cameraMode":{"drawMode":0,"name":"Shaded","section":"Shading Mode"},"sceneLighting":false,"audioPlay":false,"sceneViewState":{"m_AlwaysRefresh":false,"showFog":true,"showSkybox":false,"showFlares":true,"showImageEffects":true,"showParticleSystems":true,"showVisualEffectGraphs":true,"m_FxEnabled":true},"in2DMode":false,"pivot":{"x":0.28097039461135867,"y":19.01943588256836,"z":-8.749262809753418},"rotation":{"x":-0.46767178177833559,"y":0.028271647170186044,"z":-0.015153187327086926,"w":-0.8834027647972107},"size":1.1629350185394288,"orthographic":false}