{"cameraMode":{"drawMode":0,"name":"Shaded","section":"Shading Mode"},"sceneLighting":false,"audioPlay":false,"sceneViewState":{"m_AlwaysRefresh":false,"showFog":true,"showSkybox":false,"showFlares":true,"showImageEffects":true,"showParticleSystems":true,"showVisualEffectGraphs":true,"m_FxEnabled":true},"in2DMode":false,"pivot":{"x":0.09149426966905594,"y":1.6461800336837769,"z":4.1753926277160648},"rotation":{"x":-0.195588618516922,"y":-0.40846294164657595,"z":0.0898226648569107,"w":-0.8871810436248779},"size":1.7029742002487183,"orthographic":false}